job_id,location,entreprise,titre
3782003194,Gardouch|Occitanie|France,GarderMesEnfants,Assistante-maternelle - chercher assistante maternelle agr√©es
3783644655,Carquefou|PaysdelaLoire|France,Axione,FOREUR TARIERE RESEAU TELECOM H/F
3783482634,Montaigu-Vend√©e|PaysdelaLoire|France,P√¥le emploi,CONSEILLER(E) EMPLOI ACCOMPAGNEMENT - LA ROCHE SUD et LA ROCHE NORD (85) CDD 12 mois - 100% F/H
3783660494,GreaterParisMetropolitanRegion,Marcy Paris,STAGE/ALTERNANCE H/F MARKETING
3783652045,Paris|√éle-de-France|France,Saint Laurent,SAINT LAURENT In Store Visual Merchandiser Champs Elys√©es
3783475908,St.-Fons|Auvergne-Rh√¥ne-Alpes|France,DAVRICOURT | Certified Positive Company¬Æ,Safety Leader H/F
3783643786,Malakoff|√éle-de-France|France,Axione,RESPONSABLE FINANCIER H/F
3783667106,Mont√©vrain|√éle-de-France|France,Aquatonic Paris Val d‚ÄôEurope,Spa Praticien¬∑ne F/H
3783480264,Mitry-Mory|√éle-de-France|France,My Recrutement,ASSISTANT.E POLYVALENT.E H/F
3783644653,Malakoff|√éle-de-France|France,Axione,CHEF DE MARCHE VIDEOPROTECTION ET SURETE H/F
3783478515,Lille|Hauts-de-France|France,DAVRICOURT | Certified Positive Company¬Æ,Technicien support informatique et proximit√©
3777896188,Saran|Centre-ValdeLoire|France,SEPHORA,Chef de Projet Supply Chain (H/F)
3783642432,Bouxwiller|GrandEst|France,ExperTeam Emploi,MANOEUVRE (H/F)
3778835536,Grenoble|Auvergne-Rh√¥ne-Alpes|France,Verkor,Operational Excellence Manager
3783446214,Niort|Nouvelle-Aquitaine|France,Jober Group | Recrutement Dentaire ü¶∑ et Medical ü©∫,Audioproth√©siste H/F - Niort 79
3773450442,Blancafort|Centre-ValdeLoire|France,CCLD,Chef d'√©quipe H/F
3773183958,Ingrandes|PaysdelaLoire|France,Les Jardins de l'Anjou,R√©ceptionniste H/F
3782001540,Lagny-sur-Marne|√éle-de-France|France,UCPA,Assistant.e commercial et administratif (H/F/NB) Centre aquatique Marne et Gondoire
3783654656,Lille|Hauts-de-France|France,DAVRICOURT | Certified Positive Company¬Æ,Technicien support informatique et proximit√©
3782020859,Aix-en-Provence|Provence-Alpes-C√¥ted'Azur|France,APF,Candidature spontan√©e (F/H) r√©serv√©e aux personnes RQTH
3773448899,Landevieille|PaysdelaLoire|France,METIER INTERIM & CDI,Tourneur Fraiseur H/F
3783642632,Mansle|Nouvelle-Aquitaine|France,FAB Group,Directeur Supply Chain H/F
3783642928,Saint-Jean-d‚ÄôArdi√®res|Auvergne-Rh√¥ne-Alpes|France,Axione,Logisticien 31 H/F
3781875730,Paris|√éle-de-France|France,STATION F,Inside Sales Inbound
3783630119,France,AL Solutions,Freelance Clinical Project Manager
3783641630,Cergy|√éle-de-France|France,D√©partement du Val d'Oise,Auditeurs (H/F)
3783422097,Chennevi√®res|√éle-de-France|France,La Maison Bleue,Assistante Maternelle  - H/F
3783647207,Saint-Paul-d‚ÄôOueil|Occitanie|France,AXION energy,RESPONSABLE MAGASIN H/F
3773176799,Strasbourg|GrandEst|France,CCLD,Responsable Commercial R√©gional H/F
3783487501,Vitrolles|Provence-Alpes-C√¥ted'Azur|France,ARIAL Industries,TECHNICIEN RADIOCOMMUNICATION (HF)
3773185648,Aubiet|Occitanie|France,Art et Fen√™tres,Poseur de Menuiserie H/F
3783617971,Paris|√éle-de-France|France,H√¥tel des Grands Voyageurs,R√©ceptionniste
3782020715,Normandy|France,Christofle,Gestionnaire approvisionnements H/F - CDI
3783641991,Malakoff|√éle-de-France|France,Axione,RESPONSABLE PAIE & ADMINISTRATION RH H/F
3783643510,Paris|√éle-de-France|France,Harry Hope.,Assistant gestionnaire de copropri√©t√© H/F
3783643343,Paris|√éle-de-France|France,Coll√®ge de Paris,Assistant(e) Commerce international (H/F)
3773201234,Paris|√éle-de-France|France,Monceau Fleurs,Fleuriste (H/F) PARIS 15e
3781899695,Rennes|Brittany|France,GarderMesEnfants,Assistante-maternelle - Recherche garde enfant √† temps _ Gentil petit gar√ßon de 2 ans (et demie)
3772755639,Mont-de-Marsan|Nouvelle-Aquitaine|France,GROUPE MORGAN SERVICES,Magasinier Automobile H/F
3778826224,Augny|GrandEst|France,DECATHLON FRANCE,Candidature spontan√©e
3782006029,Saint-Nazaire-des-Gardies|Occitanie|France,GarderMesEnfants,Garde-periscolaire - Urgent Garde perisocolaire Pornichet
3783664734,Paris|√éle-de-France|France,Auguste et Louise,Responsable Social Media et Influence H/F
3783648091,Lyon|Auvergne-Rh√¥ne-Alpes|France,Elatos,Directeur Energies Renouvelables h/f
3782004202,Paris|√éle-de-France|France,Allianz France,Analyste Cr√©dits  (H/F) : Allianz banque
3782002369,Palaiseau|√éle-de-France|France,GarderMesEnfants,Assistante-maternelle - Ma√´lyne 18 mois
3772757622,Bazas|Nouvelle-Aquitaine|France,TOUT FAIRE,Magasinier Cariste H/F
3772761155,Paris|√éle-de-France|France,Sintel Recrutement,Assistant Studio Luxe H/F
3782004041,Orl√©ans|Centre-ValdeLoire|France,GarderMesEnfants,Garde-periscolaire - Ramener un enfant au coll√®ge
3782003194,Gardouch|Occitanie|France,GarderMesEnfants,Assistante-maternelle - chercher assistante maternelle agr√©es
3783644655,Carquefou|PaysdelaLoire|France,Axione,FOREUR TARIERE RESEAU TELECOM H/F
3778820060,Paris|√éle-de-France|France,Mydral,Assistant de Gestion H/F
3781897788,Vernon|Normandy|France,GarderMesEnfants,Assistante-maternelle - Recherche assistante maternelle pour son enfant √† partir du 06/05/2024 √† Vernon
3777886789,Boulogne-Billancourt|√éle-de-France|France,Hilti Group,UI/UX Designer (F/H)
3783664734,Paris|√éle-de-France|France,Auguste et Louise,Responsable Social Media et Influence H/F
3783646111,Cagnes-sur-Mer|Provence-Alpes-C√¥ted'Azur|France,Groupe Noble Age,Adjointe de direction/ Charg√©e RH
3773452203,LesAchards|Provence-Alpes-C√¥ted'Azur|France,METIER INTERIM & CDI,Technicien Methodes H/F
3781899716,Sainte-Agn√®s|Auvergne-Rh√¥ne-Alpes|France,GarderMesEnfants,Assistante-maternelle - Nounou
3782001465,Champanges|Auvergne-Rh√¥ne-Alpes|France,GarderMesEnfants,Baby-sitter - Recherche baby-sitter pour son enfant √† partir du 16/12/2023 √† Champanges
3783643781,Malakoff|√éle-de-France|France,Axione,RESPONSABLE OFFRES - GRANDES AFFAIRES H/F
3783644650,Pau|Nouvelle-Aquitaine|France,Axione,ADMINISTRATEUR SYSTEME ET APPLICATIFS H/F H/F
3783487501,Vitrolles|Provence-Alpes-C√¥ted'Azur|France,ARIAL Industries,TECHNICIEN RADIOCOMMUNICATION (HF)
3773186664,Boulogne-sur-Mer|Hauts-de-France|France,R√©seau R√©silians,Manoeuvre H/F
3783626021,Lyon|Auvergne-Rh√¥ne-Alpes|France,Forum r√©fugi√©s,Chef de service - F/H
3782002385,Cognac|Nouvelle-Aquitaine|France,GarderMesEnfants,Assistante-maternelle - Recherche assistante maternelle v√©hicul√©e pour ses 2 enfants √† partir du 20/12/2023 √† Cognac
3783646509,Malakoff|√éle-de-France|France,Axione,CHEF DE PROJET REFERENTIEL ADRESSE H/F
3783643775,Lyon|Auvergne-Rh√¥ne-Alpes|France,Axione,RESPONSABLE RESSOURCES HUMAINES H/F
3781898905,Lorette|Auvergne-Rh√¥ne-Alpes|France,GarderMesEnfants,Assistante-maternelle - Recherche assistante maternelle pour son enfant √† partir du 02/02/2024 √† Lorette
3781812313,Saint-Romain-de-Colbosc|Normandy|France,GarderMesEnfants,Assistante-maternelle - Recherche assistante maternelle v√©hicul√©e pour son enfant √† partir du 02/12/2024 √† Saint-Romain-de-Colbosc
3783643510,Paris|√éle-de-France|France,Harry Hope.,Assistant gestionnaire de copropri√©t√© H/F
3773451369,Ancenis-Saint-G√©r√©on|PaysdelaLoire|France,Edifice,Chef de Projet Innovation Process Robotique H/F
3778835536,Grenoble|Auvergne-Rh√¥ne-Alpes|France,Verkor,Operational Excellence Manager
3782006034,Saint-Georges-sur-la-Pr√©e|Centre-ValdeLoire|France,GarderMesEnfants,Assistante-maternelle - Recherche assistante maternelle pour son enfant √† partir du 19/02/2024 √† Saint-Georges-sur-la-Pr√©e
3781862254,Reims|GrandEst|France,AK Recrutement,Directeur de Territoire - Reims F/H
3783420405,Montpellier|Occitanie|France,La Maison Bleue,Assistante Maternelle  - H/F
3781899599,Nieul-le-Dolent|PaysdelaLoire|France,GarderMesEnfants,Assistante-maternelle - Recherche assistante maternelle pour son enfant √† partir du 15/09/2024 √† Nieul-le-Dolent
3783642928,Saint-Jean-d‚ÄôArdi√®res|Auvergne-Rh√¥ne-Alpes|France,Axione,Logisticien 31 H/F
3773410312,Hinx|Nouvelle-Aquitaine|France,Universit√© du Qu√©bec √† Rimouski,Directeur Marketing
3782001471,Domecy-sur-le-Vault|Bourgogne-Franche-Comt√©|France,GarderMesEnfants,Assistante-maternelle - Recherche assistante maternelle v√©hicul√©e pour son enfant √† partir du 05/02/2024 √† Domecy-sur-le-Vault
3781861595,Poissy|√éle-de-France|France,ELSAN,Assistant RH Planning H/F
3778809658,Paris|√éle-de-France|France,HELMUT. LUXURY FOR THE NEW GEN,Stage - Assistant¬∑e Chef de Projet New Business
3781815075,Thionville|GrandEst|France,GarderMesEnfants,Assistante-maternelle - La providence maternelle Thionville pour son enfant √† partir du 02/09/2024 √† Thionville
3782005074,Bondoufle|√éle-de-France|France,GarderMesEnfants,Assistante-maternelle - Recherche assistante maternelle pour son enfant √† partir du 10/01/2024 √† Bondoufle
3782003022,LeBuisson|Nouvelle-Aquitaine|France,GarderMesEnfants,Assistante-maternelle - Recherche assistante maternelle pour son enfant √† partir du 08/01/2024 √† Verri√®res-le-Buisson
3781899634,Grenay|Auvergne-Rh√¥ne-Alpes|France,GarderMesEnfants,Assistante-maternelle - Recherche assistante maternelle
3782002368,Vic-Fezensac|Occitanie|France,GarderMesEnfants,Assistante-maternelle - Recherche assistante maternelle
3782002382,Ugine|Auvergne-Rh√¥ne-Alpes|France,GarderMesEnfants,Assistante-maternelle - Recherche assistante maternelle pour son enfant √† partir du 08/01/2024 √† Vouill√©
3783443888,Paris|√éle-de-France|France,Jober Group | Recrutement Dentaire ü¶∑ et Medical ü©∫,Cardiologue H/F - Salari√© - 45% brut - Paris 75
3773196270,Pau|Nouvelle-Aquitaine|France,Evolu'Sant√©,Proth√©siste Dentaire H/F
3781899666,Ligne|Hauts-de-France|France,GarderMesEnfants,Assistante-maternelle - Recherche assistante maternelle pour son enfant √† partir du 02/09/2024 √† Lign√©
3773407994,Sainte-Marie-d‚ÄôAlloix|Auvergne-Rh√¥ne-Alpes|France,Universit√© du Qu√©bec √† Rimouski,Guide-interpr√®te du patrimoine moderne
3782006021,Sadirac|Nouvelle-Aquitaine|France,GarderMesEnfants,Assistante-maternelle - Recherche assistante maternelle pour son enfant √† partir du 01/01/2024 √† Sadirac
3783644652,France,Axione,RESPONSABLE COMMERCIAL OUEST- H/F
3782003180,Jarny|GrandEst|France,GarderMesEnfants,Assistante-maternelle - Recherche assistante maternelle pour son enfant √† partir du 01/02/2024 √† Jarny
3781898950,Annemasse|Auvergne-Rh√¥ne-Alpes|France,GarderMesEnfants,Assistante-maternelle - Assmat a recherch√©e
3781897883,Artiguelouve|Nouvelle-Aquitaine|France,GarderMesEnfants,Assistante-maternelle - Recherche assistante maternelle pour son enfant √† partir du 01/01/2024 √† Artiguelouve
3782001476,Koenigsmacker|GrandEst|France,GarderMesEnfants,Assistante-maternelle - Recherche assistante maternelle pour ses 2 enfants √† partir du 10/01/2024 √† K≈ìnigsmacker
3783643786,Malakoff|√éle-de-France|France,Axione,RESPONSABLE FINANCIER H/F
3782001396,Avignon|Provence-Alpes-C√¥ted'Azur|France,GarderMesEnfants,Assistante-maternelle - Recherche assistante maternelle pour son enfant √† partir du 10/01/2024 √† Avignon
3773409693,Sainte-Marie-de-R√©|Nouvelle-Aquitaine|France,Universit√© du Qu√©bec √† Rimouski,Chercheur.e ‚Äì Transformation Bioalimentaire
3782003191,Strasbourg|GrandEst|France,GarderMesEnfants,Assistante-maternelle - Recherche assistante maternelle pour son enfant √† partir du 02/09/2024 √† Strasbourg
3773294391,Dijon|Bourgogne-Franche-Comt√©|France,Talents Commerciaux,Chef de Secteur Bourgogne - N√©goce Mat√©riaux
3782005086,Rennes|Brittany|France,GarderMesEnfants,Assistante-maternelle - Recherche assistante maternelle pour son enfant √† partir du 01/02/2024 √† Rennes
3773183382,Nantes|PaysdelaLoire|France,CCLD,Directeur r√©gional Ouest H/F
3782002272,Pessac|Nouvelle-Aquitaine|France,GarderMesEnfants,Assistante-maternelle - RECHERCHE ASSISANTE MATERNELLE PESSAC/MERIGNAC
3782003163,Saint-Denis-d‚ÄôOrques|PaysdelaLoire|France,GarderMesEnfants,Assistante-maternelle - Recherche assistante maternelle pour son enfant √† partir du 14/12/2023 √† Saint-Denis
3781810664,Aix-les-Bains|Auvergne-Rh√¥ne-Alpes|France,GarderMesEnfants,Baby-sitter - Recherche baby-sitter pour son enfant √† partir du 21/12/2023 √† Aix-les-Bains
3782002385,Cognac|Nouvelle-Aquitaine|France,GarderMesEnfants,Assistante-maternelle - Recherche assistante maternelle v√©hicul√©e pour ses 2 enfants √† partir du 20/12/2023 √† Cognac
3783645330,Montoir-de-Bretagne|PaysdelaLoire|France,Synergie,Assistant
3783422096,Chennevi√®res|√éle-de-France|France,La Maison Bleue,Assistante Maternelle  - H/F
3783420405,Montpellier|Occitanie|France,La Maison Bleue,Assistante Maternelle  - H/F
3782002205,Roubaix|Hauts-de-France|France,GarderMesEnfants,Assistante-maternelle - Recherche assistante maternelle v√©hicul√©e pour ses 2 enfants √† partir du 02/09/2024 √† Roubaix
3782002377,Ampuis|Auvergne-Rh√¥ne-Alpes|France,GarderMesEnfants,Assistante-maternelle - Garde enfant 8 ans
3783643774,Malakoff|√éle-de-France|France,Axione,CHEF DE PROJETS EXPERIENCE CLIENTS H/F
3782002271,Poissy|√éle-de-France|France,GarderMesEnfants,Assistante-maternelle - Recherche assistante maternelle v√©hicul√©e pour ses 2 enfants √† partir du 10/01/2024 √† Poissy
3782006039,Creutzwald|GrandEst|France,GarderMesEnfants,Assistante-maternelle - Recherche assistante maternelle v√©hicul√©e pour ses 2 enfants √† partir du 08/01/2024 √† Creutzwald
3781899729,Gournay-sur-Aronde|Hauts-de-France|France,GarderMesEnfants,Assistante-maternelle - Recherche assistante maternelle v√©hicul√©e pour ses 2 enfants √† partir du 17/01/2024 √† Gournay-sur-Aronde
3783488346,GreaterParisMetropolitanRegion,Qualis,Consultant recrutement/Consultante recrutement d√©butant(e) (H/F)
3783641996,Vierzon|Centre-ValdeLoire|France,Axione,COORDINATEUR TRAVAUX H/F
3782006003,Saint-Julien-en-Genevois|Auvergne-Rh√¥ne-Alpes|France,GarderMesEnfants,Assistante-maternelle - Urgent recherche assistante maternelle pour mars 2024
3783482634,Montaigu-Vend√©e|PaysdelaLoire|France,P√¥le emploi,CONSEILLER(E) EMPLOI ACCOMPAGNEMENT - LA ROCHE SUD et LA ROCHE NORD (85) CDD 12 mois - 100% F/H
3781899786,Bordeaux|Nouvelle-Aquitaine|France,UCPA,ACCOMPAGNATEUR.RICE TRANSPORT (F/H/NB) BORDEAUX
3782001465,Champanges|Auvergne-Rh√¥ne-Alpes|France,GarderMesEnfants,Baby-sitter - Recherche baby-sitter pour son enfant √† partir du 16/12/2023 √† Champanges
3783643775,Lyon|Auvergne-Rh√¥ne-Alpes|France,Axione,RESPONSABLE RESSOURCES HUMAINES H/F
3781866159,Varennes-Saint-Sauveur|Bourgogne-Franche-Comt√©|France,Inicea,Assistant social H/F
3783664800,Chamb√©ry|Auvergne-Rh√¥ne-Alpes|France,Groupe BK,Standardiste F/H
3783448070,Montigny-l√®s-Cormeilles|√éle-de-France|France,Jober Group | Recrutement Dentaire ü¶∑ et Medical ü©∫,ORL H/F - Lib√©ral ou salari√© - Proche gare - Montigny-les-Cormeilles 95
3778832704,V√©nissieux|Auvergne-Rh√¥ne-Alpes|France,GIF EMPLOI,Assistant technique (H/F)
3783642582,Loscou√´t-sur-Meu|Brittany|France,FID RH,CONTROLEUR DE GESTION (H/F)
3783488316,Levallois-Perret|√éle-de-France|France,Qualis,Consultant recrutement/Consultante recrutement (H/F)
3783664612,St-Malo|Brittany|France,Le Grand H√¥tel des Thermes,Gouvernant¬∑e F/H
3773420321,Lyon|Auvergne-Rh√¥ne-Alpes|France,TEMANA,Spa Praticien (H/F)
3778816857,Paris|√éle-de-France|France,Rothschild & Co,Banquier Conseil ‚Äì Corporate
3783443878,Ch√¢tillon-sur-Seiche|Brittany|France,Jober Group | Recrutement Dentaire ü¶∑ et Medical ü©∫,Audioproth√©siste H/F - Chatillon sur Seine 21
3778814364,Paris|√éle-de-France|France,Laboratoires Juva Sant√©,Responsable Digital Senior (H/F)
3783644334,Marseille|Provence-Alpes-C√¥ted'Azur|France,Coll√®ge de Paris,Charg√©(e) Marketing Digital & Social Media
3783616323,Aubenas|Auvergne-Rh√¥ne-Alpes|France,ORPI,Conseiller¬∑e immobilier transaction
3773423188,Balaruc-les-Bains|Occitanie|France,TEMANA,3 Spa praticien(ne)s -  CDI
3777886789,Boulogne-Billancourt|√éle-de-France|France,Hilti Group,UI/UX Designer (F/H)
3783487303,Marseille|Provence-Alpes-C√¥ted'Azur|France,Walter Learning,Head of Finance F/H
3783669203,Nantes|PaysdelaLoire|France,digital4better,Customer Succes Manager - Junior  F/H
3782001447,Brison-Saint-Innocent|Auvergne-Rh√¥ne-Alpes|France,GarderMesEnfants,Assistante-maternelle - Recherche assistante maternelle v√©hicul√©e pour son enfant √† partir du 18/12/2023 √† Brison-Saint-Innocent
3783425417,Bordeaux|Nouvelle-Aquitaine|France,LIANE RH,Ing√©nieur Agronome Agri PV (F/H)
3783645649,Malakoff|√éle-de-France|France,Axione,CHEF DE MARCHE TELECOMS H/F
3782002378,Maubeuge|Hauts-de-France|France,GarderMesEnfants,Baby-sitter - Recherche baby-sitter v√©hicul√©e pour ses 3 enfants √† partir du 15/12/2023 √† Maubeuge
3783641994,Malakoff|√éle-de-France|France,Axione,CHEF DE PRODUIT LORAWAN & IOT CONFIRME H/F
3783668035,St-Malo|Brittany|France,Le Grand H√¥tel des Thermes,Commis¬∑se Chocolatier - Confiseur F/H
3773450441,Dijon|Bourgogne-Franche-Comt√©|France,CCLD,Responsable des ventes secteur H/F
3782004035,Couville|Normandy|France,GarderMesEnfants,Baby-sitter - Recherche baby-sitter v√©hicul√©e pour ses 3 enfants √† partir du 01/01/2024 √† Couville
3783647046,Javen√©|Brittany|France,Groupe Adeva,Assistant administratif (H/F)
3783643441,Puteaux|√éle-de-France|France,Coll√®ge de Paris,COMMUNITY MANAGER (H/F)
3772544893,Marseille|Provence-Alpes-C√¥ted'Azur|France,Atol Conseils et D√©veloppements,Chef de projet Alfresco - Full t√©l√©travail - H/F
3783489176,GreaterParisMetropolitanRegion,Positive Thinking Company by CBTW,Pentester (CDI)
3771892913,Lyon|Auvergne-Rh√¥ne-Alpes|France,M√âTIGA,Ing√©nieur efficacit√© √©nerg√©tique - Lyon H/F
3771545739,GreaterParisMetropolitanRegion,MANEXI,Chef de projets - Audits √©nerg√©tiques et Energy management
3771968828,Paris|√éle-de-France|France,Elatos,Chef de projet d√©veloppement EnR h/f - projets √©oliens et photovolta√Øques
3772568109,Nersac|Nouvelle-Aquitaine|France,GE 16 EMPLOI,Technicien Qualit√© Laboratoire analyses et m√©trologie F/H
3772775804,Toulon|Provence-Alpes-C√¥ted'Azur|France,IGUAL,Attach√© commercial BtoB client√®le Collectivit√©s/Sant√© secteur PACA F/H
3772760424,Rouen|Normandy|France,LTD Recrutement,Technicien Fibre optique D1-D2 H/F - Rouen
3772514652,Paris|√éle-de-France|France,Opera National de Paris,Charg√©/Charg√©e de mission d√©veloppement durable
3772544891,Bordeaux|Nouvelle-Aquitaine|France,Atol Conseils et D√©veloppements,Chef de projet Alfresco - Full t√©l√©travail - H/F
3772533390,Landerneau|Brittany|France,Groupe Job&Box,Op√©rateur collage (H/F)
3768576598,Rousset|Provence-Alpes-C√¥ted'Azur|France,Lynkus,Acheteur / Acheteuse (H/F)
3772516470,GreaterParisMetropolitanRegion,WWF-France,Assistant.e de Direction (F/H)
3771891966,Paris|√éle-de-France|France,M√âTIGA,Chef de projets efficacit√© √©nerg√©tique H/F
3771976021,Bernay|Normandy|France,SOS Int√©rim,MAGASINIER CARISTE H/F
3772764042,Caen|Normandy|France,LTD Recrutement,Technicien Fibre optique D1-D2 H/F - Caen
3772532859,Nice|Provence-Alpes-C√¥ted'Azur|France,Coll√®ge de Paris,(H/F)Alternance - Assistant Marketing Digital
3771891961,Paris|√éle-de-France|France,M√âTIGA,Ing√©nieur.e Exploitation Durable
3783609232,Aytr√©|Nouvelle-Aquitaine|France,Centres Porsche Bordeaux  La Rochelle et Bayonne,Magasinier(e)
3781841340,Poitiers|Nouvelle-Aquitaine|France,Cr√©dit Agricole de la Touraine et du Poitou,Responsable de la Gestion Financi√®re ‚Äì Poitiers ou Tours H/F
3772751227,Rungis|√éle-de-France|France,OpenSuccess,Ing√©nieur P√©dagogique (H/F)
3778835611,France,Trust Wallet,Customer Service Team Leader
3772548411,Bordeaux|Nouvelle-Aquitaine|France,CHU de Bordeaux,PREPARATEUR EN PHARMACIE HOSPITALIERE / DISPOSITIFS MEDICAUX IMPLANTABLES - H/F
3772804274,LaVerpilli√®re|Auvergne-Rh√¥ne-Alpes|France,KELTIS,Directeur d'exploitation Logistique F/H
3781877982,Sassenage|Auvergne-Rh√¥ne-Alpes|France,CCLD,Responsable marketing et communication H/F
3773412034,LaC√¥te-d‚ÄôAime|Auvergne-Rh√¥ne-Alpes|France,Universit√© du Qu√©bec √† Rimouski,Enseignante  enseignant en fran√ßais langue d‚Äôenseignement au secondaire
3783647100,Maisons-Laffitte|√éle-de-France|France,Domino RH,Assistant de Direction (F/H)
3781899786,Bordeaux|Nouvelle-Aquitaine|France,UCPA,ACCOMPAGNATEUR.RICE TRANSPORT (F/H/NB) BORDEAUX
3773456825,Moult-Chicheboville|Normandy|France,Slash Int√©rim,Chauffeur Livreur H/F
3783446207,Pontivy|Brittany|France,Jober Group | Recrutement Dentaire ü¶∑ et Medical ü©∫,Pr√©parateur en pharmacie - Pontivy 56 H/F - Coeff. 300-330
3773292714,Angers|PaysdelaLoire|France,Talents Commerciaux,Commercial itin√©rant B2C et B2B - Nord Ouest
3778835451,Paris|√éle-de-France|France,Pigment,HR Operations Manager - Paris
3783646073,Toulon|Provence-Alpes-C√¥ted'Azur|France,1001 Vies Habitat,Assistant administratif - Toulon - CDD H/F
3783641518,Nogent-sur-Seine|GrandEst|France,CRIT France,RECEPTIONNISTE ANGLAIS (H/F)
3783643219,Toulouse|Occitanie|France,Domino RH,Assistant social (H/F)
3773452259,Mouilleron-le-Captif|PaysdelaLoire|France,METIER INTERIM & CDI,Tourneur Fraiseur H/F
3783638990,Sainte-Croix-en-Plaine|GrandEst|France,Harry Hope.,Assistant juridique (H/F)
3778824075,Neuilly-sur-Seine|√éle-de-France|France,GROUPE M6,Producteur coordinateur H/F
3783448070,Montigny-l√®s-Cormeilles|√éle-de-France|France,Jober Group | Recrutement Dentaire ü¶∑ et Medical ü©∫,ORL H/F - Lib√©ral ou salari√© - Proche gare - Montigny-les-Cormeilles 95
3783477596,St.-Fons|Auvergne-Rh√¥ne-Alpes|France,DAVRICOURT | Certified Positive Company¬Æ,Electronics Lead Buyer (H/F)
3773420321,Lyon|Auvergne-Rh√¥ne-Alpes|France,TEMANA,Spa Praticien (H/F)
3778832704,V√©nissieux|Auvergne-Rh√¥ne-Alpes|France,GIF EMPLOI,Assistant technique (H/F)
3778815859,Fontenay-sous-Bois|√éle-de-France|France,PASQAL,General Application for Future France Opportunities
3783668746,Lyon|Auvergne-Rh√¥ne-Alpes|France,Carr√© Blanc,Stage Graphiste/Webdesigner Junior H/F
3783642582,Loscou√´t-sur-Meu|Brittany|France,FID RH,CONTROLEUR DE GESTION (H/F)
3783645028,Haguenau|GrandEst|France,Synergie,R√©ceptionniste F/H
3783647460,Montigny-le-Bretonneux|√éle-de-France|France,Axione,CONDUCTEUR DE TRAVAUX RADIO INDOOR (78) H/F
3783664612,St-Malo|Brittany|France,Le Grand H√¥tel des Thermes,Gouvernant¬∑e F/H
3783645656,Malakoff|√éle-de-France|France,Axione,JURISTE CORPORATE H/F
3781897841,GreaterParisMetropolitanRegion,ExcelGens  Inc.,Data Center Technician
3781814172,Ivry-sur-Seine|√éle-de-France|France,GarderMesEnfants,Assistante-maternelle - Recherche nounou ou assistante maternelle pour son enfant √† partir du 08/01/2024 √† Ivry-sur-Seine
3783622411,Paris|√éle-de-France|France,H√¥tel des Grands Voyageurs,R√©ceptionniste de nuit
3782001490,Boulogne-Billancourt|√éle-de-France|France,GarderMesEnfants,Assistante-maternelle - Recherche nounou ou assistante maternelle pour son enfant √† partir du 15/04/2024 √† Boulogne-Billancourt
3783644168,Loriol-sur-Dr√¥me|Auvergne-Rh√¥ne-Alpes|France,Synergie,Pr√©parateur de commandes F/H
3778836396,Marches|Auvergne-Rh√¥ne-Alpes|France,Bromford,Electrician
3783643353,Brunstatt-Didenheim|GrandEst|France,CRIT France,Pr√©parateur de commandes (H/F).
3783645076,G√©menos|Provence-Alpes-C√¥ted'Azur|France,Synergie,Pr√©parateur de commandes F/H
3783646074,Salon-de-Provence|Provence-Alpes-C√¥ted'Azur|France,Groupe Jubil Int√©rim,HOMME DE PARC (H/F)
3781898760,Bournezeau|PaysdelaLoire|France,GarderMesEnfants,Baby-sitter - Cherche garde enfant de nuit
3773185064,Montivilliers|Normandy|France,Qualis,Agent de Transit Import H/F
3781841975,Occitanie|France,TALENTPEOPLE,Zone Manager R√©gion Occitanie (H/F)
3783616545,Paris|√éle-de-France|France,Le Parchamp  Paris Boulogne  a Tribute Portfolio by Marriott International,R√©ceptionniste
3783466992,Rousset|Provence-Alpes-C√¥ted'Azur|France,DELKO,DIRECTEUR MARKETING H/F
3778834466,Vair-sur-Loire|PaysdelaLoire|France,Groupe LIP ‚Äì Interim et Recrutement,Assistant Administratif (H/F)
3783641975,Challans|PaysdelaLoire|France,Domusvi,Charg√© accueil et administration (h/f)
3772771280,Augny|GrandEst|France,CHRONOJOB,Femme de Chambre H/F
3783638909,LaRoche-sur-Yon|PaysdelaLoire|France,DPD France,Pr√©parateur(rice) activit√© de quai H/F
3773191343,France,GERINTER,Assistant Administratif H/F
3773484128,Aix-en-Provence|Provence-Alpes-C√¥ted'Azur|France,Harry Hope.,Responsable conception (H/F)
3783444540,Ajaccio|Corsica|France,Jober Group | Recrutement Dentaire ü¶∑ et Medical ü©∫,Chirurgien-Dentiste - Porto-Vecchio 20 H/F
3773459162,Dourdan|√éle-de-France|France,2A EXPERT RH,Controleur Aeronautique H/F
3783641729,Neuilly-sur-Seine|√éle-de-France|France,Coll√®ge de Paris,Assistante RH / PAIE  (H/F)
3773188688,Laval-Pradel|Occitanie|France,Titan Partners - Cabinet de recrutement juridique et financier,Juriste Corporate - Droit des Affaires H/F
3783644343,Dinan|Brittany|France,Groupe Job&Box,Chauffagiste
3783669203,Nantes|PaysdelaLoire|France,digital4better,Customer Succes Manager - Junior  F/H
job_id,location,entreprise,titre
3778824075,Neuilly-sur-Seine|√éle-de-France|France,GROUPE M6,Producteur coordinateur H/F
3783647460,Montigny-le-Bretonneux|√éle-de-France|France,Axione,CONDUCTEUR DE TRAVAUX RADIO INDOOR (78) H/F
3783639843,Beauzac|Auvergne-Rh√¥ne-Alpes|France,APROJOB,FRAISEUR CN (H/F)
3783644651,Malakoff|√éle-de-France|France,Axione,INGENIEUR SYSTEME ET RESEAU H/F
3782003306,Metz|GrandEst|France,Universite de Lorraine,Responsable d'√©quipe informatique H/F
3783483937,Marseille|Provence-Alpes-C√¥ted'Azur|France,Walter Learning,Customer Success Specialist F/H
3773190224,Malville|PaysdelaLoire|France,METIER INTERIM & CDI,Cuisinier Iaa H/F
3783448149,Vandoeuvre-l√®s-Nancy|GrandEst|France,Jober Group | Recrutement Dentaire ü¶∑ et Medical ü©∫,Ophtalmologue - 120K bruts/an + variable H/F - Vand≈ìuvre-l√®s-Nancy 54
3782002497,LaPenne-sur-Huveaune|Provence-Alpes-C√¥ted'Azur|France,Groupe ACCEO,Assistant Technique (H/F)
3783643199,Bessines-sur-Gartempe|Nouvelle-Aquitaine|France,Synergie,Op√©rateur sur machines d'usinage F/H
3773190668,Yvetot|Normandy|France,IMEO Conseil,Responsable d'Agence H/F
3783662411,Lille|Hauts-de-France|France,I√âSEG School of Management,Charg√© de communication et √©v√©nementiel (H/F)
3783661539,Paris|√éle-de-France|France,I√âSEG School of Management,Charg√© de communication et √©v√©nementiel (H/F)
3783443888,Paris|√éle-de-France|France,Jober Group | Recrutement Dentaire ü¶∑ et Medical ü©∫,Cardiologue H/F - Salari√© - 45% brut - Paris 75
3777899197,France,Antenor,Sales Account Manager
3783622411,Paris|√éle-de-France|France,H√¥tel des Grands Voyageurs,R√©ceptionniste de nuit
3783644147,Cergy|√éle-de-France|France,D√©partement du Val d'Oise,Chef de projet syst√®mes d'information (H/F)
3783645087,Hendaye|Nouvelle-Aquitaine|France,Synergie,Assistant commercial F/H
3783442785,Colombes|√éle-de-France|France,Jober Group | Recrutement Dentaire ü¶∑ et Medical ü©∫,Cardiologue H/F - Salari√© - R√©m. attractive au % - Colombes 92
3783643416,Gonesse|√éle-de-France|France,Job&Talent Recrutement,Op√©rateur logistique polyvalent(H/F)
3773294394,Avignon|Provence-Alpes-C√¥ted'Azur|France,Talents Commerciaux,Attach√©(e) commercial n√©gociation industrie
3781841975,Occitanie|France,TALENTPEOPLE,Zone Manager R√©gion Occitanie (H/F)
3783646195,Donz√®re|Auvergne-Rh√¥ne-Alpes|France,Synergie,Pr√©parateur de commandes F/H
3783640902,Ennery|GrandEst|France,Synergie,Pr√©parateur de commandes F/H
3783646074,Salon-de-Provence|Provence-Alpes-C√¥ted'Azur|France,Groupe Jubil Int√©rim,HOMME DE PARC (H/F)
3783642602,Antony|√éle-de-France|France,Domino RH,Assistant Social H/F
3783645290,Ivry-sur-Seine|√éle-de-France|France,Domino RH,Assistant Social H/F
3783490187,Bordes|Nouvelle-Aquitaine|France,ARIAL Industries,DESSINATEUR PROJETEUR (H/F)
3781841340,Poitiers|Nouvelle-Aquitaine|France,Cr√©dit Agricole de la Touraine et du Poitou,Responsable de la Gestion Financi√®re ‚Äì Poitiers ou Tours H/F
3783664105,Beauvais|Hauts-de-France|France,GUEUDET 1880,Vendeur Automobile (f/h)
3781867072,Fresnoy-le-Grand|Hauts-de-France|France,Le Creuset,Retail Business Analyst (F/H)
3783642432,Bouxwiller|GrandEst|France,ExperTeam Emploi,MANOEUVRE (H/F)
3783658077,Lagarde-Par√©ol|Provence-Alpes-C√¥ted'Azur|France,Agence PUISSANCE CAP,Assistant(e) administratif(ve) - CDI : H/F
3781877982,Sassenage|Auvergne-Rh√¥ne-Alpes|France,CCLD,Responsable marketing et communication H/F
3782002377,Ampuis|Auvergne-Rh√¥ne-Alpes|France,GarderMesEnfants,Assistante-maternelle - Garde enfant 8 ans
3783644653,Malakoff|√éle-de-France|France,Axione,CHEF DE MARCHE VIDEOPROTECTION ET SURETE H/F
3778806589,Paris|√éle-de-France|France,BDO France,Stagiaire Data Scientist - F/H
3783645188,Al√®s|Occitanie|France,Harry Hope.,TECHNICIEN CHIMISTE (H/F)
3783450108,Compi√®gne|Hauts-de-France|France,Menway Emploi,MACON BATIMENT H/F
3783668143,Paris|√éle-de-France|France,H√¥tel Monsieur George,Ma√Ætre d'H√¥tel F/H
3773452318,France,Harry Hope.,Technicien M√©trologue H/F
3773421231,Cannes|Provence-Alpes-C√¥ted'Azur|France,TEMANA,Stagiaires / CDD 6 mois (H/F)
3782002117,Ermont|√éle-de-France|France,GarderMesEnfants,Assistante-maternelle - Recherche assistante maternelle pour son enfant √† partir du 08/01/2024 √† Ermont
3773452705,Macau|Nouvelle-Aquitaine|France,Triangle Interim Solutions RH,Manutentionnaire H/F
3783472622,Lyon|Auvergne-Rh√¥ne-Alpes|France,Ramsay Sant√©,Agent administratif - Bureau des admissions (H/F)
3782006079,Arcueil|√éle-de-France|France,UCPA,Directeur.ice des Op√©rations Multiplexes (F/H/NB)
3783643409,Paris|√éle-de-France|France,Harry Hope.,Gestionnaire de Copropri√©t√© (H/F)
3783612989,Roquefort|Nouvelle-Aquitaine|France,TotalEnergies,Graphiste 360¬∞ (H/F)
3783645228,Marcq-en-Bar≈ìul|Hauts-de-France|France,Yampa.tech,TECHNICIEN DE MAINTENANCE PREVENTIVE F/H
3783638924,LaCh√¢taigneraie|PaysdelaLoire|France,Groupe Aboutir Emploi,pr√©parateur de commandes (H/F)
3781845009,Gleiz√©|Auvergne-Rh√¥ne-Alpes|France,ACTUA Agences d'emploi,C√¢bleur d'armoires H/F
3782001396,Avignon|Provence-Alpes-C√¥ted'Azur|France,GarderMesEnfants,Assistante-maternelle - Recherche assistante maternelle pour son enfant √† partir du 10/01/2024 √† Avignon
3782002391,France,resourcing life-science,Business Development Director ‚Äì France
3783645088,Dinan|Brittany|France,Groupe Job&Box,Technicien.ne de maintenance
3781897883,Artiguelouve|Nouvelle-Aquitaine|France,GarderMesEnfants,Assistante-maternelle - Recherche assistante maternelle pour son enfant √† partir du 01/01/2024 √† Artiguelouve
3778812727,France,Playnetic,Principal Animator
3782006121,Paris|√éle-de-France|France,Unis-Cite,Comptable S√©niors
3778809446,Paris|√éle-de-France|France,2theloo,People & Culture manager
3783644346,Saint-Av√©|Brittany|France,METIER INTERIM & CDI,TELEPROSPECTEUR (H/F)
3782006079,Arcueil|√éle-de-France|France,UCPA,Directeur.ice des Op√©rations Multiplexes (F/H/NB)
3783644300,Lun√©ville|GrandEst|France,Bymycar,Pr√©parateur v√©hicules neufs H/F
3778806589,Paris|√éle-de-France|France,BDO France,Stagiaire Data Scientist - F/H
3783486228,Meurthe-et-Moselle|GrandEst|France,DRN Associes,Auditeur/Auditrice
3773454552,Sainghin-en-M√©lantois|Hauts-de-France|France,Groupe Sovitrat Interim & Recrutement,Pr√©parateur de Commande - Manutentionnaire H/F
3773449978,Agen|Nouvelle-Aquitaine|France,Work&You - Cabinet de Recrutement National,Assistant Juridique H/F
3783666443,GreaterParisMetropolitanRegion,Beelix,Business Analyst
3782000585,Mouy|Hauts-de-France|France,GarderMesEnfants,Assistante-maternelle - Recherche assistante maternelle pour son enfant √† partir du 01/01/2024 √† Mouy
3783645075,Paris|√éle-de-France|France,Ile-De-France Mobilit√©s,gestionnaire march√©s publics -  F/H
3781868827,Levallois-Perret|√éle-de-France|France,Lagard√®re Travel Retail,Category Manager Spiritueux H/F
3783641669,Venelles|Provence-Alpes-C√¥ted'Azur|France,Groupe ADSN,Responsable Marketing Op√©rationnel (H/F)
3783641646,Cognac|Nouvelle-Aquitaine|France,Groupe Aboutir Emploi,Charg√© de r√©servations (H/F)
3782005120,Arcueil|√éle-de-France|France,UCPA,DIRECTEUR.TRICE DE PROJETS CONTRATS PUBLICS (F/H/NB)
3783640817,Rennes|Brittany|France,Regional Interim - R Interim Groupe Triangle Solutions RH,ASSISTANT D'AGENCE H/F
3783638781,Paris|√éle-de-France|France,Talan,Business Analyst Capital Market Front Office H/F
3782000621,Paris|√éle-de-France|France,UCPA,H√¥te.sse d'accueil / R√©ception de nuit (F/H/NB) - UCPA Sport Station Hostel Paris (75)
3783641646,Cognac|Nouvelle-Aquitaine|France,Groupe Aboutir Emploi,Charg√© de r√©servations (H/F)
3782005120,Arcueil|√éle-de-France|France,UCPA,DIRECTEUR.TRICE DE PROJETS CONTRATS PUBLICS (F/H/NB)
3783640817,Rennes|Brittany|France,Regional Interim - R Interim Groupe Triangle Solutions RH,ASSISTANT D'AGENCE H/F
3783638781,Paris|√éle-de-France|France,Talan,Business Analyst Capital Market Front Office H/F
3782000621,Paris|√éle-de-France|France,UCPA,H√¥te.sse d'accueil / R√©ception de nuit (F/H/NB) - UCPA Sport Station Hostel Paris (75)
3783647139,Noilhan|Occitanie|France,Domino RH,Assistant de service social (H/F)
3783488196,Issy-les-Moulineaux|√éle-de-France|France,Sodexo,Fiscaliste International
3783646198,Metz|GrandEst|France,My Premium Consulting - Cabinet de Recrutement,Assistant Comptable √©volutif (H/F)
3783651146,Lille|Hauts-de-France|France,CPAM de Lille-Douai,Investigateur fraude F/H (CDI)
3782003111,Boulogne-sur-Mer|Hauts-de-France|France,GarderMesEnfants,Assistante-maternelle - Recherche assistante maternelle pour son enfant √† partir du 02/09/2024 √† Boulogne-sur-Mer
3783641714,Royan|Nouvelle-Aquitaine|France,FAB Group,Responsable Supply Chain H/F
3783644226,Donz√®re|Auvergne-Rh√¥ne-Alpes|France,Synergie,Pr√©parateur de commandes F/H
3783643427,Paris|√éle-de-France|France,Comptalents,Comptable G√©n√©ral
3781808857,Angoul√™me|Nouvelle-Aquitaine|France,GarderMesEnfants,Baby-sitter - Nounou pour la fille de 6 ans
3783646258,Chaponost|Auvergne-Rh√¥ne-Alpes|France,Fid√©rim,Pr√©parateur de commandes (H/F)
3782004077,Cheval-Blanc|Provence-Alpes-C√¥ted'Azur|France,GarderMesEnfants,Baby-sitter - Recherche nounou babysitter avec horaire atypique
3781899666,Ligne|Hauts-de-France|France,GarderMesEnfants,Assistante-maternelle - Recherche assistante maternelle pour son enfant √† partir du 02/09/2024 √† Lign√©
3773418652,Mougins|Provence-Alpes-C√¥ted'Azur|France,TEMANA,Alternance Spa Praticien (H/F)
3783427202,LePr√©-d‚ÄôAuge|Normandy|France,TEMANA,Spa praticien H/F
3773456295,Leers|Hauts-de-France|France,SUPPLAY,Pr√©parateur de Commandes H/F
3773457206,Dompierre-sur-Yon|PaysdelaLoire|France,METIER INTERIM & CDI,Assistant Approvisionnement H/F
3783640966,Paris|√éle-de-France|France,Groupe GR International,Assistant.e de direction H/F - Anglais Bilingue
3783486670,Valbonne|Provence-Alpes-C√¥ted'Azur|France,Capgemini,Business Analyst F/H
3783475928,Strasbourg|GrandEst|France,DAVRICOURT | Certified Positive Company¬Æ,Ing√©nieur d'√©tudes mat√©riaux inorganiques H/F
3782008447,Strasbourg|GrandEst|France,KONE,Responsable Grands Comptes R√©gionaux H/F
3778821071,GrandEst|France,Esquisse Conseil,Directeur R√©gional des ventes Nord Est
3782002272,Pessac|Nouvelle-Aquitaine|France,GarderMesEnfants,Assistante-maternelle - RECHERCHE ASSISANTE MATERNELLE PESSAC/MERIGNAC
3783488622,Rennes|Brittany|France,INTRASIPA | Groupe SIPA Ouest-France,Charg√©(e) d‚Äô√©tude marketing
3782004202,Paris|√éle-de-France|France,Allianz France,Analyste Cr√©dits  (H/F) : Allianz banque
3773454483,Ste.-Marie-aux-Mines|GrandEst|France,ACTUA Agences d'emploi,Preparateur de Commandes H/F
3783486710,Vitrolles|Provence-Alpes-C√¥ted'Azur|France,ARIAL Industries,INGENIEUR SDR (H/F)
3783491656,Paris|√éle-de-France|France,Talan,Scrum Master - H/F
3781897997,Pfastatt|GrandEst|France,GarderMesEnfants,Assistante-maternelle - Cherche assistante maternelle pour deux enfants de 8 et 3 ans
3773190656,Saintes|Nouvelle-Aquitaine|France,Asten Sant√©,Agent Polyvalent Logistique - Magasinier H/F
3783641522,Allinges|Auvergne-Rh√¥ne-Alpes|France,Fid√©rim,Manoeuvre (H/F)
3782000671,Mouchard|Bourgogne-Franche-Comt√©|France,Sensace,Pr√©parateur de commandes H/F
3783645382,Pannes|Centre-ValdeLoire|France,SIM Agences d'emploi,Pr√©parateur de commandes / Cariste H/F
3783486217,Paris|√éle-de-France|France,ARCANIS Conseil,Conseiller en investissements
3783650175,Paris|√éle-de-France|France,Cr√©dit Logement,Data scientist (H/F)
3783637429,H√©rault|Occitanie|France,Arthur Hunt Group,DG Filiale/ Directeur d'Agence (F/H)
3783634906,Paris|√éle-de-France|France,Genpact,PMO Manager - French
3781882091,Paris|√éle-de-France|France,Saint-Gobain,Customer Success Partner - Paris 4√®me (H/F)
3782001442,Louvres|√éle-de-France|France,GarderMesEnfants,Assistante-maternelle - Recherche assistante maternelle pour son enfant √† partir du 01/06/2024 √† Louvres
3773410390,LaC√¥te-d‚ÄôAime|Auvergne-Rh√¥ne-Alpes|France,Universit√© du Qu√©bec √† Rimouski,Enseignante  enseignant en accueil ‚Äì Int√©gration linguistique  scolaire et sociale au niveau primaire et secondaire
3783453354,Paris|√éle-de-France|France,PSL Research University,Charg√©(e) de suivi de projets - Direction de la recherche (F/H)
3782002497,LaPenne-sur-Huveaune|Provence-Alpes-C√¥ted'Azur|France,Groupe ACCEO,Assistant Technique (H/F)
3781899835,P√©rols|Occitanie|France,Groupe ACCEO,Assistant Technique (H/F)
3782004206,Nantes|PaysdelaLoire|France,Groupe ACCEO,Assistant Technique (H/F)
3783447101,F√©camp|Normandy|France,Jober Group | Recrutement Dentaire ü¶∑ et Medical ü©∫,Chirurgien-dentiste H/F - Salari√© - CDI - F√©camp 76
3783664810,Cesson-S√©vign√©|Brittany|France,SeeYouSun,Assistant de Gestion et Comptabilit√© (H/F)
3783475928,Strasbourg|GrandEst|France,DAVRICOURT | Certified Positive Company¬Æ,Ing√©nieur d'√©tudes mat√©riaux inorganiques H/F
3782008447,Strasbourg|GrandEst|France,KONE,Responsable Grands Comptes R√©gionaux H/F
3783643472,LaBoissi√®re-de-Montaigu|PaysdelaLoire|France,METIER INTERIM & CDI,Manoeuvre TP (H/F)
3773453229,LesAchards|Provence-Alpes-C√¥ted'Azur|France,METIER INTERIM & CDI,Op√©rateur Fraiseur H/F
3783643166,Montpellier|Occitanie|France,Opt‚ÄôIn Recrutement,Comptable syndic H/F
3783628023,Lille|Hauts-de-France|France,University of Lille 1 Sciences and Technology,Charg√©-e des affaires juridiques
3772875814,Lyon|Auvergne-Rh√¥ne-Alpes|France,Universit√© Claude Bernard Lyon 1,Electricien (H/F)
3783425267,Paris|√éle-de-France|France,Licorne Society,Head of Sales
3773481058,Rodez|Occitanie|France,AFTD Association Francophone du Trauma et de la dissociation,Business Analyst
3783491095,Marignane|Provence-Alpes-C√¥ted'Azur|France,ARIAL Industries,INGENIEUR ETUDE AERODYNAMIQUE (H/F)
3783640162,Troyes|GrandEst|France,Groupe Saint Joseph - La Salle Troyes,Enseignant technique Electricit√© B√¢timent et Courants Faibles F/H - Formation initiale et continue (H/F)
3783644376,Dinan|Brittany|France,Groupe Job&Box,Manoeuvre N2 3629
3783661219,Manosque|Provence-Alpes-C√¥ted'Azur|France,Groupe Chopard,R√©ceptionnaire Apr√®s-Vente - H/F
3773459231,Montpellier|Occitanie|France,Ipac Bachelor Factory,Alternance Conseiller en Agence de Voyage H/F
3783642678,Caz√®res|Occitanie|France,Domino RH,Assistant de service social (H/F)
3783647044,L‚ÄôIsle-en-Dodon|Occitanie|France,Domino RH,Assistant de service social (H/F)
3773460292,Limoges|Nouvelle-Aquitaine|France,R√©seau ACTO,Aide-Cuisinier H/F
3783642391,Lanouaille|Nouvelle-Aquitaine|France,CRIT France,Traducteur( h/f)
3783647091,Neuilly-sur-Seine|√éle-de-France|France,Coll√®ge de Paris,FORMATEUR (H/F)
3783642377,Vernon|Normandy|France,FAB Group,Assistant Comptable H/F - Vernon (27)
3781864260,Carnac|Brittany|France,EUROPEAN CAMPING GROUP,Agent d'accueil
3773453626,Santeny|√éle-de-France|France,SUPPLAY,Preparateur de Commandes CACES 1B H/F
3778819386,GreaterParisMetropolitanRegion,Minist√®re de la Justice,Administrateur syst√®me r√©seau/Administratrice syst√®me r√©seau
3783642549,Metz|GrandEst|France,Domino RH,Magasinier (H/F)
3773191940,H√©rault|Occitanie|France,OXYG√àNE RECRUTEMENT & INT√âRIM,Charg√© de Recrutement - CDI H/F
3783644334,Marseille|Provence-Alpes-C√¥ted'Azur|France,Coll√®ge de Paris,Charg√©(e) Marketing Digital & Social Media
3773188663,Toulouse|Occitanie|France,MaisonS√ªr,Manoeuvre Second Oeuvre H/F
3783479571,St.-Fons|Auvergne-Rh√¥ne-Alpes|France,DAVRICOURT | Certified Positive Company¬Æ,Supplier Quality Manager H/F
3783424381,Paris|√éle-de-France|France,Licorne Society,Head of People - Luxury Industry
3782006124,Marseille|Provence-Alpes-C√¥ted'Azur|France,Aix-Marseille University,Responsable du bureau des Masters F/H
3773421225,Annecy|Auvergne-Rh√¥ne-Alpes|France,TEMANA,CDI Spa Praticien (H/F)
3773186026,LeHavre|Normandy|France,Qualis,Agent Transit Import H/F
3783475928,Strasbourg|GrandEst|France,DAVRICOURT | Certified Positive Company¬Æ,Ing√©nieur d'√©tudes mat√©riaux inorganiques H/F
3773447830,Rouen|Normandy|France,CCLD,Commercial BtoB H/F
3773196814,Nantes|PaysdelaLoire|France,PerfHomme,Directeur Finances et Contrats H/F
3783642602,Antony|√éle-de-France|France,Domino RH,Assistant Social H/F
3783645290,Ivry-sur-Seine|√éle-de-France|France,Domino RH,Assistant Social H/F
3778817632,Puteaux|√éle-de-France|France,Esquisse Conseil,Ing√©nieur D√©veloppement Energies Nouvelles
3783609232,Aytr√©|Nouvelle-Aquitaine|France,Centres Porsche Bordeaux  La Rochelle et Bayonne,Magasinier(e)
3781841340,Poitiers|Nouvelle-Aquitaine|France,Cr√©dit Agricole de la Touraine et du Poitou,Responsable de la Gestion Financi√®re ‚Äì Poitiers ou Tours H/F
3783664105,Beauvais|Hauts-de-France|France,GUEUDET 1880,Vendeur Automobile (f/h)
3783670603,Roubaix|Hauts-de-France|France,IDKIDS.COMMUNITY,Animateur Petite Enfance structure H/F
3783658077,Lagarde-Par√©ol|Provence-Alpes-C√¥ted'Azur|France,Agence PUISSANCE CAP,Assistant(e) administratif(ve) - CDI : H/F
3781877982,Sassenage|Auvergne-Rh√¥ne-Alpes|France,CCLD,Responsable marketing et communication H/F
3782002377,Ampuis|Auvergne-Rh√¥ne-Alpes|France,GarderMesEnfants,Assistante-maternelle - Garde enfant 8 ans
3783488336,Toulouse|Occitanie|France,ARIAL Industries,DESSINATEUR ELECTRIQUE (H/F)
3783644653,Malakoff|√éle-de-France|France,Axione,CHEF DE MARCHE VIDEOPROTECTION ET SURETE H/F
3778806589,Paris|√éle-de-France|France,BDO France,Stagiaire Data Scientist - F/H
3783645188,Al√®s|Occitanie|France,Harry Hope.,TECHNICIEN CHIMISTE (H/F)
3783450108,Compi√®gne|Hauts-de-France|France,Menway Emploi,MACON BATIMENT H/F
3768288364,M√©zin|Nouvelle-Aquitaine|France,GarderMesEnfants,Baby-sitter - Recherche baby-sitter pour ses 2 enfants √† partir du 30/11/2023 √† Fort-de-France
3772814282,Sallanches|Auvergne-Rh√¥ne-Alpes|France,EM Recrutement,Magasinier automobile
3771890942,St-L√¥|Normandy|France,LTD Recrutement,un N√©gociateur Telecom ‚Äì Fibre optique H/F
3772553147,Ivry-sur-Seine|√éle-de-France|France,Jobfirst,Assistant / Assistante accueil petite enfance
3772549165,Six-Fours-les-Plages|Provence-Alpes-C√¥ted'Azur|France,Molly Bracken,Assistant chef de produit H/F
3772579387,Vannes|Brittany|France,GROUPE ALPHADOZ,Dessinateur Projeteur M√©canique SolidWorks - H/F
3778819386,GreaterParisMetropolitanRegion,Minist√®re de la Justice,Administrateur syst√®me r√©seau/Administratrice syst√®me r√©seau
3772779533,GreaterLyonArea,Faurecia,Data Scientist Intern
3771893693,Quimper|Brittany|France,LTD Recrutement,un N√©gociateur Telecom ‚Äì Fibre optique H/F
3771898003,Alen√ßon|Normandy|France,LTD Recrutement,un N√©gociateur Telecom ‚Äì Fibre optique H/F
3772544875,Grenoble|Auvergne-Rh√¥ne-Alpes|France,DEVRED 1902,Directeur de Magasin - CDI - H/F
3771893696,Poitiers|Nouvelle-Aquitaine|France,LTD Recrutement,un N√©gociateur Telecom ‚Äì Fibre optique H/F
3783617957,M√¢con|Bourgogne-Franche-Comt√©|France,ESMP  L‚ÄôEcole Sup√©rieure des M√©tiers et de la Professionnalisation,Charg√© de Prospection
3772533691,Guipavas|Brittany|France,Groupe Job&Box,Pr√©parateur de commandes (H/F)
3768575732,Manche|Normandy|France,CAP INTER AVRANCHES,Manoeuvre b√¢timent (H/F)
3783626068,Dijon|Bourgogne-Franche-Comt√©|France,AgroSup Dijon,www.institut-agro-dijon.fr Adjoint √† la Responsable du service des ressources humaines et de la pr√©vention H/F
3772543871,Lyon|Auvergne-Rh√¥ne-Alpes|France,Atol Conseils et D√©veloppements,Chef de projet Alfresco - Full t√©l√©travail - H/F
3772514650,Reims|GrandEst|France,√âcosph√®re,Charg√©-e de projets Faune
3778825424,Paris|√éle-de-France|France,Coty,Senior Manager Packaging Development  CDI H/F
3768583117,Toulouse|Occitanie|France,Inddigo,Ing√©nieur / Ing√©nieure recherche d√©veloppement √©nergies renouvelables en industrie (H/F)
3781864365,Paris|√éle-de-France|France,V7 Recruitment,Project Director
3772752044,LaRochelle|Nouvelle-Aquitaine|France,AS Emploi,Porteurs fun√©raire (H/F)
3783662936,GreaterParisMetropolitanRegion,K√ñM,CDI - Content Marketing Manager H/F
3783624297,Nanterre|√éle-de-France|France,NAAREA,Ing√©nieur Hygi√®ne S√©curit√© Environnement (H/F)
3772386931,Paris|√éle-de-France|France,Ateliers d'Art de France,Chef(fe) de publicit√© r√©gie & Charg√©(e) d‚Äôaffaires √©dition
